ana;sentence
0;Par ordonnance du 21 mai 2014, le juge des libertés et de la détention du tribunal de grande instance de Paris a, d'une part, autorisé, en application des dispositions de l'article L. 450-4 du code de commerce, des opérations de visite et de saisie dans les locaux de plusieurs sociétés, dont la société Whirlpool France, à Suresnes (92) et, d'autre part, délivré commission rogatoire à son homologue du tribunal de grande instance de Nanterre qui, par ordonnance du 22 mai 2014, a mis en oeuvre les opérations concernant cette société.
0;"Le moyen critique l'ordonnance attaquée en ce qu'elle a annulé en toutes ses dispositions l'ordonnance rendue par le juge des libertés et de la détention du tribunal de grande instance de Paris en date du 21 mai 2014 et l'ordonnance rendue sur commission rogatoire par le juge des libertés et de la détention du tribunal de grande instance de Nanterre en date du 22 mai 2014, d'avoir annulé les opérations de visites et saisies en date des 27 et 28 mai 2014 effectués dans les locaux de de la société Whirlpool France, sis [Adresse 1], d'avoir ordonné la restitution à Whirlpool France de l'ensemble des documents saisis, sans possibilité pour l'Autorité de la concurrence d'en garder copie, et d'avoir rejeté toute autre demande alors « que le juge saisi d'une demande d'autorisation de procéder à des visites et saisies vérifie le bien-fondé de la demande d'autorisation, qui doit comporter les éléments d'information en possession du demandeur de nature à justifier la visite ;"
0;"PAR CES MOTIFS, la Cour : CASSE et ANNULE l'ordonnance susvisée du premier président de la cour d'appel de Paris, en date du 8 juillet 2020, mais en ses seules dispositions relatives, d'une part, à l'examen des documents susceptibles de fonder la requête et, d'autre part, aux conséquences des ordonnances attaquées à l'égard des sociétés Groupe Candy Hoover et GIFAM, toutes autres dispositions étant expressément maintenues ;"
0;"qu'en relevant que les déclarations d'appels formés les 20 et 23 novembre 2018 par la société Highlands technologies et M. [N] portent sur le dispositif pénal, de sorte que, en l'absence de déclaration de culpabilité pour des infractions de nature pénale et de condamnation pénale dans le jugement frappé d'appel, ces recours doivent être déclarés irrecevables, lorsque, en l'absence de toute condamnation pénale, il s'évince nécessairement des actes d'appel que les prévenus, qui contestaient avoir commis les faits reprochés, même s'ils ne mentionnaient in fine que les dispositions pénales du jugement, visaient à l'évidence les infractions douanières pour lesquelles les prévenus avaient été déclarés coupables et les amendes douanières auxquelles ils avaient été condamnés, la cour d'appel a méconnu les articles 509, 591 et 593 du code de procédure pénale ;"
0;L'arrêt attaqué, pour déclarer irrecevables les appels formés par les prévenus, relève qu'il ressort des actes d'appel du 20 novembre 2018 que tant la société Highlands technologies que M. [N] ont entendu former appel contre le jugement rendu par le tribunal correctionnel le 14 novembre 2018, précisant que l'appel porte sur le dispositif pénal, et que l'acte d'appel du 23 novembre 2018 a été formé contre le jugement en date du 5 septembre 2018 rendu par le tribunal correctionnel, qui a rejeté la question prioritaire de constitutionnalité, précisant que l'appel porte sur le dispositif pénal et complète l'appel interjeté le 20 novembre 2018 contre le jugement du 14 novembre 2018, de sorte qu'à deux reprises, les appelants, par l'intermédiaire de leur conseil, ont entendu limiter l'appel aux seules dispositions pénales du jugement, à l'exclusion des relaxes prononcées s'agissant des faits de fausse déclaration d'espèce.
0;Cependant, le Conseil, considérant que l'abrogation immédiate des dispositions contestées entraînerait des conséquences manifestement excessives, a, d'une part, reporté au 31 décembre 2021 la date de leur abrogation, d'autre part, précisé que les mesures prises avant la publication de la présente décision ne peuvent être contestées sur le fondement de cette inconstitutionnalité.
0;Selon la jurisprudence de la Cour de cassation (Crim., 24 février 2021, pourvoi n° 20-86.537, en cours de publication), l'absence d'information donnée à la personne qui comparaît devant la chambre de l'instruction saisie du contentieux d'une mesure de sûreté de son droit de faire des déclarations, de répondre aux questions posées ou de se taire est sans incidence sur la régularité de la décision de la chambre de l'instruction et a pour seule conséquence que les déclarations de l'intéressé ne pourront être utilisées à son encontre par les juridictions appelées à prononcer un renvoi devant la juridiction de jugement ou une déclaration de culpabilité.
0;"qu'en l'espèce, par un mémoire régulièrement déposé devant la chambre de l'instruction, M. [R] faisait valoir qu'il n'était pas en mesure de régler un cautionnement aussi important que celui auquel il était astreint, car non seulement ses ressources étaient en nette diminution en raison de la conjoncture actuelle et du contexte procédural, mais encore il doit assumer des charges fixes très importantes dont il justifiait précisément, notamment des prêts et crédits ainsi que des frais relatifs à l'éducation de sa fille et au logement de sa famille ;"
0;Ils observent enfin, qu'au plan légal, au regard de l'article 138, alinéa 2, 11° du code de procédure pénale, les ressources et les charges de la personne mise en examen constituent un des critères à prendre en compte pour déterminer le montant de la caution mais non le seul.
0;"Le moyen critique l'arrêt attaqué en ce qu'il a placé M. [M] sous contrôle judiciaire en l'astreignant à se soumettre à de nombreuses obligations, alors « que les dispositions de l'article 199 du code de procédure pénale, dans sa version issue août 2021 de la loi n° 2016-731 du 3 juin 2016, portent atteinte aux droits de la défense et au droit à un recours juridictionnel effectif garantis par l'article 16 de la Déclaration des droits de l'homme et du citoyen de 1789, en tant qu'elles ne prévoient pas que la comparution personnelle du mis en examen devant la chambre de l'instruction saisie de l'appel d'une ordonnance de placement sous contrôle judiciaire est de droit quand il en fait la demande ou en tant qu'elles permettent à la chambre de l'instruction de refuser de manière purement discrétionnaire la demande de ce mis en examen de comparaître personnellement sans justifier sa décision, sans faculté d'opposition et de recours pour celui-ci, alors même que le mis en examen n'a jamais comparu devant un juge pour débattre du contrôle judiciaire ;"
0;En se bornant ainsi, d'une part, à relever l'existence d'éléments justifiant le contrôle judiciaire en raison des nécessités de l'instruction et à titre de mesure de sûreté, et, d'autre part, à insister sur la justification des mesures prononcées, sans s'assurer de l'existence d'indices graves ou concordants de la participation de M. [M] aux faits, la chambre de l'instruction a méconnu les textes susvisés et les principes ci-dessus rappelés.
0;"qu'en l'espèce, il ressort de l'arrêt attaqué que l'avocat général a eu la parole après Maître Ermeneaux, substituant Maître Lahaie, avocat de M. [K] [C], lequel n'a pas eu la parole en dernier ;"
0;Par arrêt du 30 juin 2021, la chambre de l'instruction de la cour d'appel de Paris a constaté que certains des mandats d'arrêt européens étaient devenus sans objet, refusé la remise au titre d'autres mandats, et a ordonné la remise de M. [E] à l'autorité judiciaire italienne au titre du seul mandat d'arrêt européen émis à son encontre le 20 novembre 2020 aux fins d'exécution de la peine de trois ans et trois mois d'emprisonnement prononcée le 11 novembre 2019 par le tribunal de Pescara.
0;"Le premier moyen du mémoire ampliatif critique l'arrêt attaqué en ce qu'il a ordonné sa remise à l'autorité judiciaire italienne au titre du mandat d'arrêt européen émis à son encontre le 20 novembre 2020 aux fins d'exécution d'une peine privative de liberté résultant d'un jugement rendu le 11 novembre 2019 par le tribunal de Pescara « devenu irrévocable le 26 février 2020, alors « que la remise doit être refusée lorsqu'elle est demandée aux fins de l'exécution d'une peine prononcée par un jugement réputé irrévocable, à l'issue d'un procès auquel l'intéressé n'a ni comparu ni été représenté par un avocat auquel il avait personnellement donné mandat ;"
0;qu'en statuant de la sorte quand le mandat d'arrêt européen, d'une part, se bornait à cocher la formule-type de la case 3.2, empreinte d'équivoque, selon laquelle « l'intéressé a donné mandat à un conseil juridique, qui a été désigné, soit par l'intéressé soit par l'Etat, pour le défendre (?) il n'a pas comparu en personne au procès, il a été assisté d'un défenseur commis d'office », d'autre part, s'abstenait, contrairement à l'invitation faite au paragraphe 4, la case 3.2 ayant été cochée, de « préciser comment la condition concernée a été remplie », la chambre de l'instruction, qui ne pouvait se fonder sur ces seules énonciations, a violé les articles 593 et 695-22-1 du code de procédure pénale, ensemble l'article 6 de la Convention européenne des droits de l'homme. »
0;En se déterminant ainsi, la chambre de l'instruction, qui ne pouvait se fonder sur les seules formules types du mandat d'arrêt européen, alors qu'il résulte des pièces de la procédure, dont la Cour de cassation a le contrôle, que l'autorité d'émission n'a pas précisé les conditions dans lesquelles l'information préalable relative à la date, au lieu du procès et à la représentation par un avocat avait été délivrée, n'a pas justifié sa décision.
0;La personne remise peut être poursuivie et condamnée pour une telle infraction avant que ce consentement ait été obtenu, pour autant qu'aucune mesure restrictive de liberté n'est appliquée au cours de la phase de poursuite ou de jugement relative à cette infraction.
0;L'exception visée à cet article 27, § 3, c) ne s'oppose toutefois pas à ce que la personne remise soit soumise à une mesure restrictive de liberté avant que le consentement soit obtenu, dès lors que cette mesure est légalement justifiée par d'autres chefs d'accusation figurant dans le mandat d'arrêt européen (CJUE, arrêt du 1er décembre 2008, Artur Leymann, C-388/08).
0;En vertu du deuxième, lorsque le ministère public qui a émis le mandat d'arrêt européen a obtenu la remise de la personne recherchée, celle-ci ne peut être poursuivie, condamnée ou détenue en vue de l'exécution d'une peine privative de liberté pour un fait quelconque antérieur à la remise et autre que celui qui a motivé cette mesure, sauf dans l'un des cas énumérés audit article.
0;qu'en statuant ainsi, lorsqu'il s'inférait de ses propres constatations que la société SFR n'avait pas entendu contracter avec M. H..., pris en sa qualité de personne physique, mais uniquement avec la société Electronique occitane représentée par son gérant M. H..., la cour d'appel, qui n'a pas tiré les conséquences légales de ses propres constatations, a violé l'article 1110 du code civil dans sa rédaction applicable à la cause. »
0;Lorsqu'un fournisseur a conclu avec une personne morale un contrat pour la distribution de ses produits et que le statut de gérant de succursale est reconnu au dirigeant de cette personne, le fournisseur, condamné à payer à ce dernier les sommes qui lui étaient dues en application de ce statut d'ordre public, auquel il ne peut être porté atteinte, même indirectement, n'est pas admis à réclamer à la personne morale, fût-ce pour partie, le reversement des sommes ayant rémunéré les prestations qu'elle a effectuées en exécution du contrat de distribution.
0;qu'en retenant que « si Occitane avait exécuté l'ensemble des obligations qui lui revenaient, les hautes juridictions n'auraient pas reconnu à son gérant le statut de gérant de succursale et n'auraient pas condamné SFR », quand la seule faute qui lui était reprochée par la société SFR était d'avoir confié à M. H..., son gérant, l'exécution des prestations mises à sa charge par les contrats de distribution conclus par les parties, la cour d'appel, qui n'a pas caractérisé l'existence d'une faute imputable à l'exposante, a privé sa décision de base légale au regard de l'article 1147 du code civil, dans sa version antérieure à l'ordonnance n° 2016-131 du 10 février 2016.
0;"que l'article 1110 ancien du code civil, applicable aux contrats dont il est question, dispose que l'erreur ""n'est point une cause de nullité lorsqu'elle ne tombe que sur la personne avec laquelle on a l'intention de contracter, à moins que la considération de cette personne ne soit la cause principale de la convention"" ;"
0;"qu'il y a lieu de confirmer le jugement sur ce point » ; ET AUX MOTIFS EVENTUELLEMENT ADOPTES QUE : « Occitane était le seul contractant de SFR, comme le démontre clairement le contrat distributeur signé entre SFR et la société Electronique Occitane ""représentée par son gérant M. H... en qualité de gérant, ci-après dénommé le distributeur"" ;"
0;"que la qualité de personne morale est essentielle lorsqu'une partie a eu intention de contracter avec une société en raison de sa réputation et de son expérience;"
0;"à titre d'indemnité pour licenciement sans cause réelle et sérieuse. *9 393,27 euros à titre d'indemnité conventionnelle de licenciement, - au titre des charges sociales patronales supportées par elle dans le cadre de l'exécution des arrêts de la cour d'appel de Paris et de la Cour de cassation, 16 7.01,43 euros, qu'elle explique que sa condamnation à payer des salaires à M. E... H... pour réaliser les prestations qu'elle a payées en vertu des contrats de distribution, a pour conséquence de permettre à M. E... H... d'avoir perçu un double salaire pour une seule et même prestation, la société Electronique Occitane lui ayant versé des salaires au titre de ces prestations ;"
0;"qu'en l'espèce, la cour d'appel a statué au visa des conclusions signifiées par la société Suez le 29 mars 2017, alors que celle-ci avait produit et signifié des conclusions récapitulatives datées du 19 juillet 2018, lesquelles complétaient son argumentation, contenaient de nouveaux moyens et répondaient aux précédentes écritures déposées par la société MP associés ;"
0;S'il est constant que la société SD3A TP a, plusieurs années durant, facturé ses prestations sans faire application de la revalorisation, cette seule circonstance ne suffit pas à caractériser de manière dépourvue d'équivoque sa renonciation au bénéfice de la clause contractuelle de révision.
0;Force est en définitive de constater qu'aucun des éléments versés aux débats ne permet de démontrer de manière dépourvue de toute ambiguïté que la société SD3A TP a accepté de renoncer définitivement à la perception des sommes correspondant à la revalorisation des prix des prestations qu'elle a effectuées pour le compte de la société Lyonnaise des Eaux France.
0;"qu'en l'espèce, la Cour d'appel a statué au visa des conclusions signifiées par la société Suez Eau France le 29 mars 2017, alors que celle-ci avait produit et signifié des conclusions récapitulatives datées du 19 juillet 2018, lesquelles complétaient son argumentation, contenaient de nouveaux moyens et répondaient aux précédentes écritures déposées par la société MP Associés ;"
0;S'il est constant que la société SD3A TP a, plusieurs années durant, facturé ses prestations sans faire application de la revalorisation, cette seule circonstance ne suffit pas à caractériser de manière dépourvue d'équivoque sa renonciation au bénéfice de la clause contractuelle de révision.
0;Force est en définitive de constater qu'aucun des éléments versés aux débats ne permet de démontrer de manière dépourvue de toute ambiguïté que la société SD3A TP a accepté de renoncer définitivement à la perception des sommes correspondant à la revalorisation des prix des prestations qu'elle a effectuées pour le compte de la société Lyonnaise des Eaux France.
0;"qu'en s'abstenant toutefois de rechercher si cette preuve ne résultait pas en outre de l'absence de production aux débats de la moindre facture indiquant que les sommes facturées l'étaient à titre simplement provisionnel, du fait qu'aucune facture de régularisation n'avait été émise au cours de cette même période, ou encore de l'absence de production aux débats de la moindre pièce évoquant un quelconque « report » de la facturation du « solde de prix » correspondant à l'application des clauses d'actualisation litigieuses, la Cour d'appel a privé sa décision de base légale au regard au regard des articles 1382 et 1103 du code civil (anciennement les articles 1353 et 1134 du même code) ;"
0;"ALORS en outre QUE les registres et documents que les professionnels doivent tenir ou établir ont, contre leur auteur, la même force probante que les écrits sous signature privée ; qu'en relevant que l'absence de comptabilisation, par la société SD3A TP, d'une créance correspondant au « solde de prix » qui lui serait dû au titre des prestations facturées depuis 2009 s'expliquait par le fait que ces sommes n'avaient pas été facturées et que, dans ces conditions, il ne pouvait être déduit de l'absence de comptabilisation de ces sommes une preuve que les parties s'étaient accordées pour ne pas appliquer les formules de prix et d'actualisation contractuelles, sans rechercher, comme elle y était invitée, si le plan comptable général ne comporte pas une ligne 418 dont l'objet connu de tous les professionnels est de comptabiliser les produits restant à facturer, et si, dans ces conditions, le fait que la société SD3A TP n'avait comptabilisé aucune créance correspondant à la différence entre les prix qu'elle avait facturés et ceux qui auraient résulté de l'application des formules contractuelles ne démontrait pas, en sus des autres éléments invoqués, que la société SD3A TP avait elle-même considéré qu'aucune somme ne lui était due à ce titre, la Cour d'appel a privé sa décision de base légale au regard des articles L. 123-23 du code de commerce et 1382 du code civil, ensemble l'article 1378 du code civil (anciennement les articles 1353 et 1330 du même code) ;"
0;ALORS enfin QU' en se fondant, pour écarter l'accord commercial allégué, sur le fait que la société Suez Eau France n' « explicit[ait] pas en quoi la société SD3A TP aurait eu un intérêt économique à renoncer à la perception d'une somme qui lui était contractuellement due », quand la société Suez Eau France expliquait dans ses dernières conclusions du 19 juillet 2018 que le geste commercial de la société SD3A TP avait trouvé une contrepartie dans l'octroi de nouveaux marchés, portant notamment sur une partie des travaux de dévoiement des réseaux, et dans le chiffre d'affaires correspondant (v. ses dernières conclusions, p.7), la Cour d'appel a dénaturé les dernières conclusions d'appel de la société Suez Eau France et violé le principe selon lequel le juge ne peut dénaturer les conclusions qui lui sont soumises.
0;Situation qui était ensuite reprise par [...] qui émettait les factures correspondantes au titre de l'autofacturation.
0;Les sommes facturées chaque mois par Armat France ne sont donc pas des « créances distinctes nées d'accords indépendants les uns des autres », mais des créances résultant d'un seul et même contrat à exécution successive générant des créances à exécution successive de sorte que la saisie attribution portant sur ce marché, contrat unique à exécution successive au fur et à mesure de l'exécution des travaux jusqu'à éventuelle fin du chantier ou résiliation du contrat, était elle même à exécution successive, conformément à l'article 1111-1 du Code civil qui dispose: « Le contrat à exécution instantanée est celui dont les obligations peuvent s'exécuter en une prestation unique.
0;En tout état de cause, la distinction contrat-cadre ou contrat à exécution successive présente en l'occurrence peu d'intérêt dans la mesure où les saisies attributions portent sur les prestations effectuées par Armat au 15 octobre 2015 puis au 24 novembre 2015, même si elles ne sont pas encore liquidées.
0;La notification auprès de [...] par Bnp Paribas Factor est conforme aux dispositions de l'article R 313-16 du Code Monétaire et Financier, lesquelles disposent : « Lorsque la créance est cédée en vertu d'un contrat d'affacturage, la société d'affacturage doit, dans le cadre de la notification au débiteur cédé de cette cession de créance, en application des articles L 313-23 à L 313-35, faire figurer sur la facture afférente à la créance qui lui a été cédée, les mentions obligatoires suivantes : 1º
0;La créance d'Armat France sur l'opération [...] ayant été cédée dès le 19 juin 2015 à la Banque du bâtiment et des Travaux publics à hauteur de la somme de 229.937 €, celle sur l'opération Suresnes ayant été cédée dès le 26 août 2015 à Bnp Paribas Factor à hauteur du montant total du marché, et celle sur l'opération [...] ayant été cédée dès le 23 septembre 2015 à Bnp Paribas Factor à hauteur du montant total du marché, soit 333.316,16 € HT, étaient sorties du patrimoine d'Armat Franc la saisie attribution du 15 octobre 2015, qui n'a pu les appréhender, [...] ne restant plus rien devoir à Armat France au titre de ces factures.
0;"En ce qui concerne les créances relatives au marché « [...] », la date de leur cession à BNP Paribas Factor n'est pas connue, mais il est certain que cette cession était déjà intervenue lorsqu'elle a été notifiée à la société [...] le 22 octobre 2015 (jugement p. 12) ;"
0;"ALORS, d'autre part, QUE le juge ne peut dénaturer le sens de la convention conclue par les parties ;"
0;"ALORS, enfin, QUE dans ses conclusions d'appel (signifiées le 17 septembre 2018, p. 24 al. 9), la société SAS faisait valoir qu'il ne pouvait être retenu que la société BNP Paribas Factor avait la qualité de cessionnaire Dailly, alors que celle-ci ne revendiquait pas cette qualité ;"
0;, après avoir retenu que la seconde avait manqué à son obligation de mise en garde, l'arrêt retient, pour quantifier le préjudice, que les primes d'assurance ne sont pas en lien direct avec les fautes retenues, ces primes ayant pour objet de couvrir un aléa qui existe toujours puisque le prêt n'est pas annulé mais fait seulement l'objet d'un plan de redressement.
0;qu'en énonçant, dès lors, pour déclarer les consorts J... recevables en leur tierce-opposition à l'encontre de l'arrêt de la cour d'appel de Bourges en date du 24 mars 2011 et pour, en conséquence, réformer, à l'égard des consorts J..., le jugement du tribunal de grande instance de Châteauroux en date du 29 juin 2010, dire que les contrats de prêt souscrits par la SCI Xamaline auprès de la société Caisse régionale de crédit agricole mutuel du Languedoc, les 27 mars 2007 et 24 avril 2007 étaient nuls pour non-conformité à l'objet social et débouter la banque de toutes ses demandes en paiement fondées sur ces deux contrats de prêt, que c'était en vain que la société Caisse régionale de crédit agricole mutuel du Languedoc prétendait qu'à défaut pour les consorts J... d'avoir exercé un recours à l'encontre de l'état des créances de la procédure de liquidation judiciaire de la SCI Xamaline dans le délai d'un mois à compter de sa publication au BODACC le 28 février 2015, les créances en litige avaient acquis l'autorité de la chose jugée à l'égard de tous et que les consorts J... étaient irrecevables à former toute nouvelle contestation portant sur l'existence, la nature ou le quantum des créances ainsi admises définitivement, qu'en effet, l'admission définitive des créances de la banque, dans le cadre et pour les besoins de la liquidation judiciaire de la SCI Xamaline, n'interdisait nullement aux associés, qui n'étaient ni plus ni moins parties à cette procédure collective qu'à l'instance précédente devant la cour d'appel de Bourges, d'exercer devant un juge le recours effectif reconnu par l'article 6, §1, de la Convention européenne de sauvegarde des droits de l'homme et des libertés fondamentales et qu'au demeurant, l'examen du bordereau de déclaration de créances montrait que la banque n'avait pas déclaré d'autre créance que celles résultant précisément du jugement du tribunal de grande instance de Châteauroux en date du 29 juin 2010, confirmé par l'arrêt de la cour d'appel de Bourges en date du 24 mars 2011, qui était déjà définitive à la suite du rejet du pourvoi en cassation formé contre cet arrêt le 28 juin 2012, quand l'autorité de la chose jugée, qui était, irrévocablement, attachée à l'ordonnance du 2 février 2015, par laquelle le juge-commissaire de la procédure de liquidation judiciaire de la SCI Xamaline avait admis les créances de la banque, résultant des prêts en date du 27 mars 2007 et du 24 avril 2007, telles qu'elles avaient été reconnues par le jugement du tribunal de grande instance de Châteauroux en date du 29 juin 2010 et par l'arrêt de la cour d'appel de Bourges en date du 24 mars 2011, au passif de la procédure de liquidation judiciaire de la SCI Xamaline, avait pour conséquence que ces créances étaient définitivement consacrées, dans leur existence et dans leur montant, à l'égard des consorts J... et que la tierce-opposition formée par ces derniers était irrecevable, la cour d'appel a violé les dispositions de l'article 1351 du code civil, dans leur rédaction antérieure à l'ordonnance du 10 février 2016, qui ont été reprises par les dispositions de l'article 1355 du code civil, les dispositions de l'article 1857 du code civil et les dispositions de l'article R. 624-8 du code de commerce. »
0;Pour déclarer recevable la tierce-opposition formée par les consorts J..., l'arrêt retient que c'est en vain que la banque prétend qu'à défaut pour ceux-ci d'avoir exercé un recours contre l'état des créances dans le délai d'un mois à compter de sa publication au BODACC le 28 février 2015, la créance en litige a acquis l'autorité de la chose jugée à l'égard de tous, de sorte qu'ils seraient irrecevables à former toute nouvelle contestation portant sur l'existence, la nature ou le quantum de la créance ainsi admise définitivement, dès lors que l'admission définitive de la créance de la banque, dans le cadre et pour les besoins de la liquidation judiciaire de la SCI, n'interdisait nullement aux associés, qui n'étaient ni plus ni moins parties à cette procédure collective qu'à l'instance précédente devant cette cour, d'exercer devant un juge le recours effectif reconnu par le texte précité, qu'au demeurant l'examen du bordereau de déclaration de créance montre que la banque n'a pas déclaré d'autre créance que celle résultant précisément de l'arrêt du 24 mars 2011, qui était déjà définitive suite au rejet, le 28 juin 2012, du pourvoi formé contre cet arrêt et qu'ainsi les consorts J..., qui ont un intérêt manifeste à voir rétracter le jugement dès lors qu'ils sont poursuivis en paiement par la banque pour répondre des dettes sociales de la SCI à proportion de leurs parts dans le capital social, doivent être déclarés recevables en leur tierce- opposition.
0;"AUX MOTIFS QUE « sur la recevabilité de la tierce opposition : / selon l'article 583 du code de procédure civile, "" est recevable à former tierce opposition toute personne qui y a intérêt, à la condition qu'elle n'ait été ni partie ni représentée au jugement qu'elle attaque."
0;"/ En l'espèce, la précédente instance introduite par la Crcam du Languedoc devant le tribunal de grande instance de Châteauroux et poursuivie devant la cour d'appel de Bourges, ayant donné lieu à l'arrêt en date du 24 mars 2011 qui a condamné la Sci Xamaline, représentée par M. K... J..., son gérant en exercice, au paiement de diverses sommes ;"
0;/ La Crcam du Languedoc ne peut soutenir que les associés, qui étaient censés avoir autorisé la Sci à demander que soit reconnue la responsabilité de la banque en raison des fautes commises par son préposé, étaient nécessairement représentés à cette précédente instance ou à celle engagée devant le tribunal de grande instance de Nîmes, alors que les statuts de la société prévoient expressément que le gérant, dans ses rapports avec les associés, a le pouvoir de représenter la société en justice et d'exercer toutes actions tant en demande qu'en défense, ce qui implique qu'il n'était pas tenu de solliciter une autorisation spéciale des associés.
0;/ C'est également en vain que la Crcam du Languedoc prétend qu'à défaut par Mme M... J... et M. R... J... d'avoir exercé un recours à l'encontre de l'état des créances dans le délai d'un mois à compter de sa publication au Bodaac le 28 février 2015, la créance en litige a acquis l'autorité de la chose jugée à l'égard de tous, de sorte qu'ils seraient irrecevables à former toute nouvelle contestation portant sur l'existence, la nature et le quantum de la créance ainsi admise définitivement.
0;En effet, l'admission définitive de la créance de la Crcam du Languedoc, dans le cadre et pour les besoins de la liquidation judiciaire de la Sci Xamaline, n'interdit nullement aux associés, qui n'étaient ni plus ni moins parties à cette procédure collective qu'à l'instance précédente devant cette cour, d'exercer devant un juge le recours effectif reconnu par le texte précité.
0;Ainsi, Mme M... J... et M. R... J..., qui ont un intérêt manifeste à voir rétracter le jugement dès lors qu'ils sont poursuivis devant le tribunal de grande instance de Châteauroux, suivant assignation délivrée le 28 juillet 2017 par la Crcam du Languedoc, pour répondre des dettes sociales de la Sci Xamaline à proportion de leur part dans le capital social, doivent être déclarés recevables en leur tierce opposition.
0;/ En l'occurrence, il n'est pas démontré que Mme M... J... et M. R... J..., qui n'ont pas participé eux-mêmes à la conclusion les 27 mars et 24 avril 2007 des prêts souscrits par la Sci Xamaline dont ils sollicitent l'annulation, en ont eu immédiatement connaissance, laquelle ne saurait résulter du simple fait qu'ils étaient associés de ladite société.
0;/ Cependant, les dispositions de l'article 1849 du code civil, selon lesquelles, dans les rapports avec les tiers, le gérant engage la société par des actes entrant dans l'objet social, n'ont pas pour seule vocation de protéger la société mais bénéficient également aux associés qui sont tenus indéfiniment des dettes à proportion de leur participation au capital social, de sorte que l'action de Mme M... J... et de M. R... J... est parfaitement recevable.
0;/ En premier lieu, la cour observe, à la lecture des statuts de la Sci Xamaline, que cette société a pour objet l'acquisition de tous biens immobiliers, leur administration et leur exploitation par bail, location ou autre, leur mise en valeur par l'exécution de tous travaux et l'édification de toutes constructions et, généralement, toutes opérations mobilières ou immobilières pouvant se rattacher directement ou indirectement à l'objet social, pourvu qu'elles ne modifient pas le caractère civil de la société.
0;"ces deux factures portent une mention manuscrite "" bon pour accord de paiement "" ou "" bon pour déblocage "" émanant pour l'une du gérant de la Sci Xamaline et pour l'autre d'un auteur non identifiable ; - dans le cadre de l'instruction des demandes de prêt, la Sci Xamaline a produit un devis particulièrement sommaire du 4 mars 2007 établi par une société Fimaco basée à Villeneuve-les-Avignon pour des travaux de réhabilitation de son immeuble de 144 mètres carrés d'un montant de 220 064 euros ;"
0;Ainsi, les devis et factures étaient trop sommaires pour constituer le fondement ou la consécration d'engagements contractuels réels, les entreprises choisies ne pouvaient raisonnablement exécuter leurs prestations au regard de la distance géographique séparant leur siège du lieu de situation de l'immeuble et le montant même des prêts consentis était sans commune mesure avec la valeur du bien avant travaux et ne pouvait lui conférer une plus-value équivalente ou même sensiblement équivalente, d'autant qu'une somme de 39 900 euros était utilisée à la seule fin de rémunérer le prescripteur Ict, toutes choses que M. C... F..., préposé de la Crcam du Languedoc, qui était en rapport d'affaires habituel avec cet intermédiaire et connaissait ses pratiques, ne pouvait ignorer.
0;Les dossiers de prêt ont par ailleurs été montés avec la plus grande légèreté, sans aucune vérification de la valeur de l'immeuble ou encore de la solvabilité de l'emprunteur, alors qu'au surplus ce dernier n'avait aucune attaché dans la région et n'est devenu client du crédit agricole que pour les besoins de cette opération de financement de travaux immobiliers dont le coût particulièrement onéreux, lié à l'intervention d'Ict, ne peut s'expliquer que par son caractère frauduleux.
0;"qu'en énonçant, dès lors, pour déclarer Mme M... J... et M. R... J... recevables en leur tierce opposition à l'encontre de l'arrêt de la cour d'appel de Bourges en date du 24 mars 2011 et pour, en conséquence, réformer, à l'égard de Mme M... J... et de M. R... J..., le jugement du tribunal de grande instance de Châteauroux en date du 29 juin 2010, dire que les contrats de prêt souscrits par la société civile immobilière Xamaline auprès de la caisse régionale de crédit agricole mutuel du Languedoc, les 27 mars 2007 et 24 avril 2007 étaient nuls pour non-conformité à l'objet social et débouter la caisse régionale de crédit agricole mutuel du Languedoc de toutes ses demandes en paiement fondées sur ces deux contrats de prêt, que c'était en vain que la caisse régionale de crédit agricole mutuel du Languedoc prétendait qu'à défaut pour Mme M... J... et M. R... J... d'avoir exercé un recours à l'encontre de l'état des créances de la procédure de liquidation judiciaire de la société civile immobilière Xamaline dans le délai d'un mois à compter de sa publication au Bodaac le 28 février 2015, les créances en litige avaient acquis l'autorité de la chose jugée à l'égard de tous et que Mme M... J... et M. R... J... étaient irrecevables à former toute nouvelle contestation portant sur l'existence, la nature ou le quantum des créances ainsi admises définitivement, qu'en effet, l'admission définitive des créances de la caisse régionale de crédit agricole mutuel du Languedoc, dans le cadre et pour les besoins de la liquidation judiciaire de la société civile immobilière Xamaline, n'interdisait nullement aux associés, qui n'étaient ni plus ni moins parties à cette procédure collective qu'à l'instance précédente devant la cour d'appel de Bourges, d'exercer devant un juge le recours effectif reconnu par l'article 6.1 de la convention européenne de sauvegarde des droits de l'homme et des libertés fondamentales et qu'au demeurant, l'examen du bordereau de déclaration de créances montrait que la banque n'avait pas déclaré d'autre créance que celles résultant précisément du jugement du tribunal de grande instance de Châteauroux en date du 29 juin 2010, confirmé par l'arrêt de la cour d'appel de Bourges en date du 24 mars 2011, qui était déjà définitive à la suite du rejet du pourvoi en cassation formé contre cet arrêt le 28 juin 2012, quand l'autorité de la chose jugée, qui était, irrévocablement, attachée à l'ordonnance du 2 février 2015, par laquelle le juge-commissaire de la procédure de liquidation judiciaire de la société civile immobilière Xamaline avait admis les créances de la caisse régionale de crédit agricole mutuel du Languedoc, résultant des prêts en date du 27 mars 2007 et du 24 avril 2007, telles qu'elles avaient été reconnues par le jugement du tribunal de grande instance de Châteauroux en date du 29 juin 2010 et par l'arrêt de la cour d'appel de Bourges en date du 24 mars 2011, au passif de la procédure de liquidation judiciaire de la société civile immobilière Xamaline, avait pour conséquence que ces créances étaient définitivement consacrées, dans leur existence et dans leur montant, à l'égard de Mme M... J... et de M. R... J... et que la tierce-opposition formée par ces derniers était irrecevable, la cour d'appel a violé les dispositions de l'article 1351 du code civil, dans leur rédaction antérieure à l'ordonnance du 10 février 2016, qui ont été reprises par les dispositions de l'article 1355 du code civil, les dispositions de l'article 1857 du code civil et les dispositions de l'article R. 624-8 du code de commerce ;"
0;"ALORS QUE, de troisième part la nullité d'un contrat est absolue lorsque la règle violée a pour objet la sauvegarde de l'intérêt général, tandis que la nullité d'un contrat est relative lorsque la règle violée a pour objet la sauvegarde d'un intérêt privé ;"
0;"qu'en énonçant, par conséquent, pour écarter la fin de non-recevoir, soulevée par la caisse régionale de crédit agricole mutuel du Languedoc, tirée de l'absence du droit de Mme M... J... et M. R... J... à agir en nullité des contrats de prêts en date du 27 mars 2007 et du 24 avril 2007 conclus par la société civile immobilière Xamaline et par la caisse régionale de crédit agricole mutuel du Languedoc et pour, en conséquence, réformer, à l'égard de Mme M... J... et de M. R... J..., le jugement du tribunal de grande instance de Châteauroux en date du 29 juin 2010, dire que les contrats de prêt souscrits par la société civile immobilière Xamaline auprès de la caisse régionale de crédit agricole mutuel du Languedoc, les 27 mars 2007 et 24 avril 2007 étaient nuls pour non-conformité à l'objet social et débouter la caisse régionale de crédit agricole mutuel du Languedoc de toutes ses demandes en paiement fondées sur ces deux contrats de prêt, que les dispositions de l'article 1849 du code civil, selon lesquelles, dans les rapports avec les tiers, le gérant engage la société par des actes entrant dans l'objet social, n'ont pas pour seule vocation de protéger la société mais bénéficient également aux associés qui sont tenus indéfiniment des dettes à proportion de leur participation au capital social, de sorte que l'action de Mme M... J... et de M. R... J... était parfaitement recevable, la cour d'appel a violé les dispositions de l'article 1304 du code civil, dans leur rédaction antérieure à l'ordonnance du 10 février 2016, et de l'article 1849 du code civil ;"
0;"que lorsque deux dettes sont connexes, le juge ne peut écarter la compensation au motif que l'une d'elles ne réunit pas les conditions de liquidité et d'exigibilité ;"
0;"que lorsque deux dettes sont connexes, le juge ne peut écarter la compensation au motif que l'une d'elles ne réunit pas les conditions de liquidité et d'exigibilité ;"
0;"que dès lors, très loin d'autoriser le juge à ne statuer qu'au seul regard de ce qui était exprimé dans la convention, en faisant abstraction du contexte fiscal de l'opération, de son économie globale et de la commune volonté des parties, la circonstance que le montant de l'avantage fiscal qui devait être rétrocédé à la société Le Green's n'ait pas été précisé dans le contrat et que celui-ci n'ait pas même fait clairement état d'une opération de défiscalisation révélait que la convention litigieuse présentait des lacunes et imprécisions qui devaient être comblées par voie d'interprétation, notamment pour déterminer si, au regard de l'intention commune des parties, le versement initial de la somme de 13 119,18 euros était constitutif d'un acompte sur le prix de revente des matériels litigieux ou si, comme le soutenait Mme B..., ès qualités, et comme l'avait reconnu la société Friedland, il ne représentait pas plutôt l'avantage fiscal de même montant qui devait être rétrocédé, en vertu de la loi fiscale applicable à la société Le Green's ;"
0;"AUX MOTIFS PROPRES QUE, l'article L. 632-1 du code de commerce dispose que sont nuls, lorsqu'ils sont intervenus depuis la date de cessation des paiements, les actes suivants : 3° : tout paiement, quel qu'en soit le mode, pour dettes non échues au jour du paiement, 4° : tout paiement pour dettes échues, fait autrement qu'en espèces, effets de commerce, virements, bordereaux de cession visés par la loi n° 81-1 du 2 janvier 1981 facilitant le crédit aux entreprises ou tout autre mode de paiement communément admis dans les relations d'affaire ;"
0;"qu'il est tout aussi constant que par avenant au contrat de location du 14 décembre 2015, le loueur et le locataire ont convenu de « mettre fin au contrat de location à la date de signature des présentes, le loueur donnant au locataire bonne et valable quittance des sommes qui lui sont dues » ;"
0;"qu'il est tout aussi constant que par jugement du 7 avril 2016, la présente juridiction a ouvert une procédure de liquidation judiciaire à l'égard de la Sarl Le Green's, et désigné Me W... B... en qualité de liquidateur et fixé la date de cessation des paiements au 1er avril 2015 ;"
0;"AUX MOTIFS PROPRES QUE, l'article L. 632-1 du code de commerce dispose que sont nuls, lorsqu'ils sont intervenus depuis la date de cessation des paiements, les actes suivants : 3° : tout paiement, quel qu'en soit le mode, pour dettes non échues au jour du paiement, 4° : tout paiement pour dettes échues, fait autrement qu'en espèces, effets de commerce, virements, bordereaux de cession visés par la loi n° 81-1 du 2 janvier 1981 facilitant le crédit aux entreprises ou tout autre mode de paiement communément admis dans les relations d'affaire ;"
0;"qu'il est tout aussi constant que par avenant au contrat de location du 14 décembre 2015, le loueur et le locataire ont convenu de « mettre fin au contrat de location à la date de signature des présentes, le loueur donnant au locataire bonne et valable quittance des sommes qui lui sont dues » ;"
0;"qu'il est tout aussi constant que par jugement du 7 avril 2016, la présente juridiction a ouvert une procédure de liquidation judiciaire à l'égard de la Sarl Le Green's, et désigné Me W... B... en qualité de liquidateur et fixé la date de cessation des paiements au 1er avril 2015 ;"
0;"que lorsque deux dettes sont connexes, le juge ne peut écarter la compensation au motif que l'une d'elles ne réunit pas les conditions de liquidité et d'exigibilité ;"
0;"que lorsque deux dettes sont connexes, le juge ne peut écarter la compensation au motif que l'une d'elles ne réunit pas les conditions de liquidité et d'exigibilité ;"
0;"que si la Snc Friedland Invest A2 conteste ce chef de demande, en arguant que sa signature a été faite à son propre détriment, son argumentation ne saurait sérieusement prospérer alors même qu'aucun loyer n'était impayé au jour de la signature dudit avenant, et qu'en conséquence, aucune indemnité de résiliation n'aurait été due sans la souscription de cet avenant ;"
0;"2) ALORS, en toute hypothèse, QUE la réparation d'une perte de chance doit être mesurée à la chance perdue et ne peut être égale à l'avantage qu'aurait procuré cette chance si elle s'était réalisée ;"
0;"qu'en conséquence, aucun élément ne permettant de démontrer que le paiement de 13.119,18 € réellement effectué, n'aurait pas constitué un acompte sur le prix d'achat du matériel conformément aux stipulations contractuelles, il convient d'infirmer le jugement déféré en ce qu'il a condamné la SNC Friedland Invest A2 à payer cette somme à Me B..., ès qualités ;"
0;"ALORS QUE le juge a non seulement le pouvoir, mais également le devoir, de remédier par voie d'interprétation aux lacunes, imprécisions ou ambiguïtés que comporte la convention qui lui est soumise ;"
0;"ALORS QUE le juge doit donner ou restituer leur exacte qualification aux faits et actes litigieux, sans s'arrêter à la dénomination que les parties en auraient proposée ;"
0;que dès lors, en considérant qu'aucun élément ne permettait de démontrer que le versement par la SNC Friedland Invest A2 de la somme de 13.119,18
0;"La banque fait grief à l'arrêt de déclarer son action prescrite et, en conséquence, de dire nulle la saisie-attribution, alors « que lorsqu'un créancier poursuivant n'est pas dans l'impossibilité d'agir sur un immeuble, au sens de l'article 2234 du code civil, l'effet interruptif de prescription de sa déclaration de créance prend fin à la date de la décision ayant statué sur la demande d'admission ;"
0;"qu'ainsi, cet effet interruptif se prolonge aussi longtemps qu'il n'est pas statué sur la demande d'admission ;"
0;S'il fait usage de cette faculté, il bénéficie de l'effet interruptif de prescription attaché à sa déclaration de créance, cet effet interruptif se prolongeant en principe jusqu'à la date de la décision ayant statué sur la demande d'admission, dès lors que ce créancier n'est pas dans l'impossibilité d'agir sur l'immeuble au sens de l'article 2234 du code civil.
0;"ALORS QUE lorsqu'un créancier poursuivant n'est pas dans l'impossibilité d'agir sur un immeuble, au sens de l'article 2234 du code civil, l'effet interruptif de prescription de sa déclaration de créance prend fin à la date de la décision ayant statué sur la demande d'admission ;"
0;"qu'ainsi, cet effet interruptif se prolonge aussi longtemps qu'il n'est pas statué sur la demande d'admission ;"
0;Selon l'arrêt attaqué (Angers, 18 septembre 2018), le groupement agricole d'exploitation en commun des Tesnières (le GAEC) a débuté une activité d'engraissement de bovins à la fin de l'année 2011.
0;Pour remettre les parties à un contrat d'intégration annulé dans leur état antérieur, seules doivent être prises en considération les prestations fournies par chacune d'elles en exécution de ce contrat.
0;En statuant ainsi, alors que l'EURL ne pouvait être tenue que des restitutions consécutives à l'annulation du contrat d'intégration l'ayant personnellement liée au GAEC, la cour d'appel a violé le texte susvisé.
0;"Au terme des dispositions de l'article L. 326-2 du code rural et de la pêche maritime, la définition légale du contrat d'intégration dans le secteur de l'élevage est la suivante: ""Dans le domaine de l'élevage sont réputés contrats d'intégration les contrats par lesquels le producteur s'engage envers une ou plusieurs entreprises à élever ou à engraisser des animaux, ou à produire des denrées d'origine animale, et à se conformer à des règles concernant la conduite et l'élevage, l'approvisionnement en moyens de production ou l'écoulement des produits finis""."
0;L'existence de l'accord consacré par l'écrit du 10 mai 2012 entre le GAEC des Tesnières et la SARL [...] n'est pas susceptible de produire effet dans les rapports entre le GAEC des Tesnières et l'EURL [...] dès lors que la renonciation d'action ne concerne que les éventuelles réclamations à l'encontre du GAEC à l'encontre de la seule société [...] .
0;"Par référence aux dispositions de l'article L. 326-2 du code rural visé ci-dessus, pour qu'il y ait contrat d'intégration en matière d'élevage, il faut mais il suffit d'établir : - que le producteur s'engage envers une ou plusieurs entreprises à élever ou à engraisser des animaux ; - et à se conformer à des règles concernant la conduite et l'élevage, l'approvisionnement en moyens de production ou l'écoulement des produits finis""."
0;Il lui incombe la charge d'apporter par tous moyens la preuve de ces éléments sans qu'il ne soit nécessaire d'établir encore la preuve d'une immixtion de ses partenaires quant à la nature et au choix de l'alimentation, au suivi sanitaire et plus généralement au respect de préconisations en matière d'élevage durant la période où les animaux se trouvaient sur l'exploitation depuis leur introduction jusqu'à leur enlèvement.
0;La liberté consentie à l'agriculteur dans la conduite de son élevage n'est pas exclusive de l'existence d'un contrat d'intégration, dès lors que l'éleveur se trouve en état de dépendance économique en matière d'approvisionnement en moyens de production et dans le domaine de la commercialisation et de l'écoulement des produits finis ce qui est allégué en l'espèce.
0;"En l'espèce et bien qu'en l'absence d'écrit, le GAEC des Tesnières ne peut, autrement que par un faisceau d'éléments de fait concordants établir qu'un approvisionnement exclusif en vaches maigres aux conditions financières édictées par la société [...] lui était imposé, il résulte des vérifications opérées par l'expert : - que 470 vaches ont été introduites par le vendeur de bestiaux [...] sur l'exploitation entre le 5 décembre 2011 et mars 2012 selon un rythme s'accélérant au fil du temps après que les opérations préalables à cette introduction (prise de sang, bouclage, fouille pour diagnostic de gestation) soient effectuées chez S... bétail par des vétérinaires de la clinique des Alouettes, cabinet vétérinaire qui n'est pas celui du vétérinaire-traitant de l'acheteur mais un cabinet proche des locaux où transitaient les animaux, - que 235 de ces bovins ont été revendus soit directement à [...] , soit indirectement via [...] qui les a revendus [...] , - que dès avant leur introduction sur l'exploitation du GAEC des Tesnières, certains de ces bovins avaient été individualisés par un bouclage spécifique en vue de leur écoulement par l'EURL [...] aux abattoirs Charal avec lequel [...] était en relation d'affaires ;"
0;La revente de 28 animaux par le GAEC des Tesnières à la société Privileg dont 16 sur 28 ont été revendus le 31 mai 2012 soit après rupture des relations contractuelles et 12 seulement durant la période d'exécution du contrat n'apparaît pas suffisamment importante pour permettre de caractériser une liberté de choix de l'éleveur de nature et exclure la qualification de contrat d'intégration. - qu'enfin le lien entre les factures vérifiées par l'expert permet d'établir que le prix de vente était fixé par référence au prix de la transaction entre l'abattoir et la SARL [...] ou l'EURL [...] .
0;Le contrat verbal souscrit entre les parties contrevient à ces exigences et il doit de ce seul fait, être annulé.
0;"qu'il ne peut fonder sa décision sur un moyen qu'il a relevé d'office sans avoir au préalable invité les parties à présenter leurs observations sur son mérite ;"
0;En statuant ainsi, alors que, dans les conclusions d'appel, aucune partie n'avait soutenu que M. P... avait perçu et déclaré un salaire à l'administration fiscale pour la période considérée, la cour d'appel, qui a modifié l'objet du litige, a violé le texte susvisé.
0;"qu'il ne peut fonder sa décision sur un moyen qu'il a relevé d'office sans avoir au préalable invité les parties à présenter leurs observations sur son mérite ;"
0;"qu'il ne peut cependant lui être accordé moins que ce que lui reconnaissait l'intimée à ce titre en première instance ;"
0;"qu'en condamnant le notaire et son assureur à indemniser la banque des gains qu'elle avait tirés du prêt et qu'elle devrait restituer aux acquéreurs quand, sans la faute du notaire, la vente n'aurait pas été conclue, de sorte que la banque n'aurait pas consenti de prêt, ni perçu les gains en cause, la cour d'appel a violé l'article 1382, devenu 1240, du code civil ;"
0;"Les consorts N... et l'assureur, d'une part, les acquéreurs, d'autre part, font grief à l'arrêt de déclarer irrecevables l'ensemble des demandes en fixation de créance effectuées contre le vendeur en liquidation dans le cadre de la présente instance, alors « que les contestations portant sur le principe ou le montant d'une créance à l'encontre d'un débiteur placé en procédure collective, relèvent du juge du fond dès lors qu'elles posent une difficulté sérieuse ;"
1;Le rapporteur général de l'Autorité de la concurrence a formé un pourvoi contre l'ordonnance n° 37 du premier président de la cour d'appel de Paris, chambre 5-15, en date du 8 juillet 2020, qui, sur renvoi après cassation (Crim., 13 juin 2019, n° 17-87.364), a annulé les ordonnances des juges des libertés et de la détention autorisant l'Autorité de la concurrence à effectuer des opérations de visite et de saisie en vue de rechercher la preuve de pratiques anticoncurrentielles.
1;Sur le rapport de M. Dary, conseiller, les observations de la SCP Baraduc, Duhamel et Rameix, avocat du rapporteur général de l'Autorité de la concurrence, les observations de la SCP Rocheteau et Uzan-Sarano, avocat de la société Whirpool France, et les conclusions de M. Lemoine, avocat général, les avocats ayant eu la parole en dernier, après débats en l'audience publique du 22 juin 2021 où étaient présents M. Soulard, président, M. Dary, conseiller rapporteur, M. Bonnal, conseiller de la chambre, M. Lemoine, avocat général, et Mme Lavaud, greffier de chambre, la chambre criminelle de la Cour de cassation, composée en application de l'article 567-1-1 du code de procédure pénale, des président et conseillers précités, après en avoir délibéré conformément à la loi, a rendu le présent arrêt.
1;"Le moyen critique l'ordonnance attaquée en ce qu'elle a annulé en toutes ses dispositions l'ordonnance rendue par le juge des libertés et de la détention du tribunal de grande instance de Paris en date du 21 mai 2014 et l'ordonnance rendue sur commission rogatoire par le juge des libertés et de la détention du tribunal de grande instance de Nanterre en date du 22 mai 2014, annulé les opérations de visites et saisies en date des 27 et 28 mai 2014 effectués dans les locaux de la société Whirlpool France, sis [Adresse 1], ordonné la restitution à Whirlpool France de l'ensemble des documents saisis, sans possibilité pour l'Autorité de la concurrence d'en garder copie et d'avoir rejeté toute autre demande, alors : « 1°/ qu'une juridiction de renvoi saisie par un arrêt de cassation totale est tenue de statuer à nouveau en fait et en droit sur l'entier litige dont était saisie la juridiction dont la décision a été cassée ;"
1;"que pour annuler l'ordonnance du juge des libertés et de la détention du 21 mai 2014 autorisant les visites et saisies dans les locaux de la société Whirlpool, ainsi que l'ordonnance subséquente rendue sur commission rogatoire, le premier président s'est borné à énoncer que dans l'arrêt du 13 juin 2019 qui l'avait saisi, la Cour de cassation avait « pris position de manière très claire et non équivoque sur la notion de « personne mise en cause au sens de l'article L. 450-4 du code de commerce » et qu'ainsi il n'était pas « besoin de procéder à une autre analyse » ;"
1;qu'en affirmant néanmoins, sans en tenir compte, que la société Whirlpool, ayant « le statut de mise en cause » au sens de l'arrêt de la Cour de cassation du 13 juin 2019, « aurait dû être en mesure d'exercer immédiatement un recours contre les opérations de visite et saisie ayant permis d'appréhender » les documents sur lesquels la demande d'autorisation était fondée, et que dès lors qu'elle n'a « pas eu accès à l'ordonnance du 9 octobre 2013 ou aux procès-verbaux de visite et saisie et ne pouvait exercer aucun recours, et les procès-verbaux et les inventaires relatifs aux opérations chez Fagor Brandt et Samsung ne lui ayant pas été notifiés au début de la visite dans ses locaux, elle n'a pu exercer son droit au recours effectif », tandis qu'elle a été mise en mesure d'exercer un recours effectif contre ces opérations, ce dont elle s'est abstenue, le premier président a méconnu son office et privé sa août 2021 décision de base légale au regard des articles 6, § 1, de la Convention européenne des droits de l'homme et L. 450-4 du code de commerce. »
1;Lorsque, comme en l'espèce, la juridiction de renvoi a statué en conformité de l'arrêt de cassation qui l'avait saisie, et qu'aucun changement de norme n'est intervenu postérieurement, le moyen, qui appelle la Cour de cassation à revenir sur ce qu'elle avait décidé dans son précédent arrêt, est irrecevable.
1;"que l'effet dévolutif de l'appel remet la chose jugée en question devant la juridiction d'appel pour qu'il soit à nouveau statué en fait et en droit ;"
1;"qu'en statuant ainsi, sans rechercher si, abstraction faite des éléments litigieux, les autres éléments produits à l'appui de la requête constituaient un indice ou un faisceau d'indices justifiant l'autorisation des visites et saisies dans les locaux de la société Whirlpool, le premier président a méconnu son office et privé sa décision de base légale au regard des articles 593 du code de procédure pénale et L. 450-4 du code de commerce ; »"
1;Pour annuler, en toutes leurs dispositions, l'ordonnance du juge des libertés et de la détention du tribunal de grande instance de Paris en date du 21 mai 2014, celle rendue sur commission rogatoire de ce dernier par le juge des libertés et de la détention du tribunal de grande instance de Nanterre en date du 22 mai 2014 et les opérations de visite et saisies en date des 27 et 28 mai 2014 effectuées dans les locaux de la société Whirlpool, le premier président de la cour d'appel de Paris, après avoir retenu que les décisions entreprises encourraient la nullité pour violation de l'article L. 450-4 du code de commerce et du principe du droit au recours effectif, énonce, d'une part, que le juge des libertés et de la détention a rendu son ordonnance sur le fondement de treize annexes produites par l'Autorité, destinées à établir un faisceau d'indices laissant présumer l'existence de pratiques anticoncurrentielles à l'encontre de Whirlpool France, et, d'autre part, que les pièces présentées à l'appui de la requête ont une origine apparemment licite.
1;En se déterminant ainsi, sans rechercher, comme il était invité à le faire, si, après avoir écarté les documents illicites, était caractérisée, au regard des seuls éléments régulièrement produits par l'administration, l'existence de pratiques anticoncurrentielles touchant le secteur de la distribution des produits fabriqués, notamment par la société en cause, justifiant la mesure autorisée et sa nécessité en considération des impératifs de lutte contre de telles pratiques, le premier président a méconnu les textes susvisés et les principes ci-dessus rappelés.
1;qu'en annulant cependant ladite ordonnance « en toutes ses dispositions », sans limiter l'annulation aux seules dispositions visant la société Whirlpool France, le premier président a commis un excès de pouvoir et méconnu l'étendue de sa saisine, en violation de l'article L. 450-4 du code de commerce. »
1;D'où il suit que la cassation est, également, encourue de ce chef.
1;"PAR CES MOTIFS, la Cour : CASSE et ANNULE l'ordonnance susvisée du premier président de la cour d'appel de Paris, en date du 8 juillet 2020, mais en ses seules dispositions relatives, d'une part, à l'examen des documents susceptibles de fonder la requête et, d'autre part, aux conséquences des ordonnances attaquées à l'égard des sociétés Groupe Candy Hoover et GIFAM, toutes autres dispositions étant expressément maintenues ;"
1;"Et pour qu'il soit à nouveau statué, conformément à la loi, dans les limites de la cassation ainsi prononcée, RENVOIE la cause et les parties devant la juridiction du premier président de cour d'appel de Paris, autrement composée, à ce désignée par délibération spéciale prise en chambre du conseil ;"
1;Sur le rapport de Mme Fouquet, conseiller référendaire, les observations de la SCP Spinosi, avocat de la société Highlands technologies et de M. [K] [N], les observations de la SCP Boré, Salve de Bruneton et Mégret, avocat de la direction générale des douanes et droits indirects, et les conclusions de Mme Mathieu, avocat général, après débats en l'audience publique du 16 juin 2021 où étaient présents M. Soulard, président, Mme Fouquet, conseiller rapporteur, Mme de la Lance, conseiller de la chambre, et Mme Coste-Floret, greffier de chambre, la chambre criminelle de la Cour de cassation, composée en application de l'article 567-1-1 du code de procédure pénale, des président et conseillers précités, après en avoir délibéré conformément à la loi, a rendu le présent arrêt.
1;"qu'en relevant que les déclarations d'appels formés les 20 et 23 novembre 2018 par la société Highlands technologies et M. [N] portent sur le dispositif pénal, de sorte que, en l'absence de déclaration de culpabilité pour des infractions de nature pénale et de condamnation pénale dans le jugement frappé d'appel, ces recours doivent être déclarés irrecevables, lorsque, en l'absence de toute condamnation pénale, il s'évince nécessairement des actes d'appel que les prévenus, qui contestaient avoir commis les faits reprochés, même s'ils ne mentionnaient in fine que les dispositions pénales du jugement, visaient à l'évidence les infractions douanières pour lesquelles les prévenus avaient été déclarés coupables et les amendes douanières auxquelles ils avaient été condamnés, la cour d'appel a méconnu les articles 509, 591 et 593 du code de procédure pénale ;"
1;"pour déclarer les appels des prévenus irrecevables, que leurs déclarations d'appels portent sur un dispositif pénal inexistant, lorsqu'il s'évince nécessairement de ces actes d'appel, nonobstant l'usage de l'expression « dispositif pénal », que les prévenus, qui contestaient expressément les faits reprochés, entendaient évidemment remettre en cause leurs condamnations douanières, la cour d'appel, qui a ainsi privé les exposants de toute possibilité de faire réexaminer leur affaire en cause d'appel, a porté une atteinte excessive au droit à l'exercice effectif d'une voie de recours, en violation des articles 6, § 1, et 13 de la Convention européenne des droits de l'homme, préliminaire, 591 et 593 du code de procédure pénale ;"
1;qu'en déclarant irrecevables les appels des exposants, aux motifs qu'ils portent non sur les dispositions douanières mais sur un dispositif pénal inexistant, lorsqu'il ne fait strictement aucun doute que les prévenus ont entendu déférer à la cour d'appel les dispositions douanières du jugement, la cour d'appel a violé le droit d'accès au juge des exposants tel qu'il est garanti par les articles 6, § 1, et 13 de la Convention européenne des droits de l'homme, 591 et 593 du code de procédure pénale. »
1;En effet, nonobstant la mention selon laquelle les appels formés ne portent que sur les dispositions pénales de la décision déférée à la cour d'appel, il résulte des actes d'appel, qui visent expressément les infractions douanières pour lesquelles les prévenus ont été déclarés coupables et les amendes douanières auxquelles ils ont été condamnés, que M. [N] et la société Highlands technologies ont entendu faire porter leurs recours sur les dispositions douanières du jugement, qui ne comportait aucune autre disposition, à l'exception des relaxes prononcées pour une partie des faits de fausse déclaration d'espèce.
1;PAR CES MOTIFS, et sans qu'il y ait lieu d'examiner le second moyen proposé, la Cour : CASSE et ANNULE l'arrêt susvisé de la cour d'appel d'Aix-en-Provence, en date du 8 septembre 2020, mais en ses seules dispositions ayant déclaré irrecevables les appels formés les 20 et 23 novembre 2018 par M. [N] et la société Highlands technologies ainsi que l'appel
1;"incident du ministère public, toutes autres dispositions étant expressément maintenues ;"
1;"Et pour qu'il soit à nouveau statué, conformément à la loi, dans les limites de la cassation ainsi prononcée ; RENVOIE la cause et les parties devant la cour d'appel d'Aix-en-Provence autrement composée, à ce désignée par délibération spéciale prise en chambre du conseil ;"
1;Sur le rapport de Mme Fouquet, conseiller référendaire, les observations de la SCP Waquet, Farge et Hazan, avocat de M. [K] [R], et les conclusions de M. Aubert, avocat général référendaire, après débats en l'audience publique du 28 juillet 2021 où étaient présents Mme de la Lance, conseiller le plus ancien faisant fonction de président en remplacement du président empêché, Mme Fouquet, conseiller rapporteur, Mme Planchon, conseiller de la chambre, et Mme Coste-Floret, greffier de chambre, la chambre criminelle de la Cour de cassation, composée en application de l'article 567-1-1 du code de procédure pénale, des président et conseillers précités, après en avoir délibéré conformément à la loi, a rendu le présent arrêt.
1;Il s'en déduit que bien que la chambre de l'instruction ait statué en application des dispositions de l'article 148-2 du code de procédure pénale, l'arrêt attaqué ne se trouve pas privé de base légale.
1;"qu'en l'espèce, par un mémoire régulièrement déposé devant la chambre de l'instruction, M. [R] faisait valoir qu'il n'était pas en mesure de régler un cautionnement aussi important que celui auquel il était astreint, car non seulement ses ressources étaient en nette diminution en raison de la conjoncture actuelle et du contexte procédural, mais encore il doit assumer des charges fixes très importantes dont il justifiait précisément, notamment des prêts et crédits ainsi que des frais relatifs à l'éducation de sa fille et au logement de sa famille ;"
1;Il indique également qu'à ce stade ni ce dernier, ni les victimes putatives n'ont été entendus par le magistrat instructeur et que les documents abondamment fournis au dossier d'instruction ne suffisent pas à faire la lumière sur l'ensemble des procédures financières observées.
1;"PAR CES MOTIFS, la Cour : CASSE et ANNULE, en toutes ses dispositions, l'arrêt susvisé de la chambre de l'instruction de la cour d'appel de Nouméa, en date du 14 avril 2021, et pour qu'il soit à nouveau jugé, conformément à la loi ;"
1;Sur le rapport de M. de Lamy, conseiller, les observations de Me Le Prado, avocat de M. [Z] [M], et les conclusions de M. Bougy, avocat général, après débats en l'audience publique du 11 août 2021 où étaient présents M. Bonnal, conseiller le plus ancien faisant fonction de président en remplacement du président empêché, M. de Lamy, conseiller rapporteur, Mme Slove, M. Wyon, M. Samuel, M. Maziau, M. Dary, M. Sottet, conseillers de la chambre, M. Bougy, avocat général, et Mme Sommier, greffier de chambre, la chambre criminelle de la Cour de cassation, composée des président et conseillers précités, après en avoir délibéré conformément à la loi, a rendu le présent arrêt.
1;"Le moyen critique l'arrêt attaqué en ce qu'il a placé M. [M] sous contrôle judiciaire en l'astreignant à se soumettre à de nombreuses obligations, alors « que les mesures de sûreté ne peuvent être prononcées qu'à l'égard de la personne à l'encontre de laquelle il existe des indices graves ou concordants rendant vraisemblable qu'elle ait pu participer, comme auteur ou comme complice, à la commission des infractions dont le juge d'instruction est saisi ;"
1;qu'en ne recherchant pas si, au jour où elle se prononçait, il existait des indices graves ou concordants de participation aux infractions pour lesquelles M. [M] avait été mis en examen, la chambre de l'instruction n'a pas légalement justifié sa décision au regard de l'article 5 de la Convention européenne des droits de l'homme, ensemble les articles 80-1, 137 et 593 du code de procédure pénale ».
1;Il résulte des deux premiers de ces textes que les mesures de sûreté ne peuvent être prononcées qu'à l'égard de la personne à l'encontre de laquelle il existe des indices graves ou concordants rendant vraisemblable qu'elle ait pu participer, comme auteur ou comme complice, à la commission des infractions dont le juge d'instruction est saisi.
1;Pour confirmer l'ordonnance entreprise, les juges, par motifs propres et adoptés, après avoir exposé les faits, ont retenu que M. [M] devait être placé sous contrôle judiciaire en raison des nécessités de l'instruction et à titre de mesure de sûreté.
1;"PAR CES MOTIFS, la Cour : CASSE et ANNULE, en toutes ses dispositions, l'arrêt susvisé de la chambre de l'instruction de la cour d'appel de Toulouse, en date du 6 mai 2021, et pour qu'il soit à nouveau jugé, conformément à la loi ;"
1;"- l'arrêt de la chambre de l'instruction de la cour d'appel de Versailles, en date du 26 février 2019, qui, dans l'information suivie contre eux des chefs d'association de malfaiteurs, blanchiment en bande organisée, travail dissimulé, abus de faiblesse et escroquerie en bande organisée, a ordonné un supplément d'information ; - l'arrêt de la chambre de l'instruction de la cour d'appel de Versailles, en date du 11 mai 2021, qui, statuant après cassation (Crim., 11 avril 2018, pourvoi n° 17-86.557 ; Crim., 11 avril 2018, pourvoi n° 17-86.554), confirmant l'ordonnance rendue par le juge d'instruction, les a renvoyés devant le tribunal correctionnel sous la prévention, le premier, d'association de malfaiteurs, blanchiment en bande organisée, travail dissimulé, abus de faiblesse, escroquerie en bande organisée et complicité de détournement de la finalité de fichiers informatiques nominatifs, la seconde, de blanchiment en bande organisée, escroquerie en bande organisée, complicité de détournement de la finalité de fichiers informatiques nominatifs et blanchiment de fraude fiscale."
1;Sur le rapport de M. Ascensi, conseiller référendaire, les observations de la SCP Waquet, Farge et Hazan, avocat de M. [C] [K], de Anne Sevaux, Paul Mathonnet, avocat de Mme [R] [K],de de la SCP Célice, Texidor, Périer, avocat de la société Crédit Foncier de France et les conclusions de Mme Mathieu, avocat général, après débats en l'audience publique du 25 août 2021 où étaient présents M. de Larosière de Champfeu, conseiller doyen faisant fonction de président, M. Ascensi, conseiller rapporteur, M. Bellenger, conseiller de la chambre, et M. Maréville, greffier de chambre, la chambre criminelle de la Cour de cassation, composée en application de l'article 567-1-1 du code de procédure pénale, des président et conseillers précités, après en avoir délibéré conformément à la loi, a rendu le présent arrêt.
1;Par arrêt avant-dire droit du 26 février 2019, la chambre de l'instruction, statuant après cassation, a ordonné un supplément d'information aux fins de mise en examen de M. et Mme [
1;"Le moyen de Mme [K] critique l'arrêt attaqué en ce qu'il a confirmé l'ordonnance entreprise en ce qu'elle a ordonné le renvoi devant le tribunal correctionnel de Mme [K], dit en outre qu'il existe des charges suffisantes contre elle de s'être rendue complice d'un délit de détournement de la finalité de fichiers informatiques nominatifs et d'avoir commis un délit de blanchiment, et ordonné le renvoi de Mme [K] devant le tribunal correctionnel pour y être jugée également de ces faits en sus de ceux objets de l'ordonnance entreprise, alors que « devant la chambre de l'instruction, la personne mise en examen ou son avocat doivent avoir la parole les derniers ;"
1;"qu'il ressort des mentions de l'arrêt que seul Maître Courteille, avocat de M. [P] [S], et non Maître [U], substituant Maître Pasquet-Marinacce, et Maître Sand, avocats de Mme [R] [K], a eu la parole en dernier ;"
1;PAR CES MOTIFS, et sans qu'il y ait lieu d'examiner les autres moyens de cassation proposés, la Cour : Sur les pourvois dirigés contre les arrêts du 31 juillet 2012 et 26 février 2019 :
1;"Sur les pourvois dirigés contre l'arrêt du 11 mai 2021 : août 2021 CASSE et ANNULE, en toutes ses dispositions, l'arrêt susvisé de la chambre de l'instruction de la cour d'appel de Versailles, en date du 11 mai 2021, et pour qu'il soit à nouveau jugé, conformément à la loi ;"
1;Sur le rapport de M. Wyon, conseiller, les observations de la SCP Gaschignard, avocat de M. [M] [E], et les conclusions de M. Bougy, avocat général, après débats en l'audience publique du 11 août 2021 où étaient présents M. Bonnal, conseiller le plus ancien faisant fonction de président en remplacement du président empêché, M. Wyon, conseiller rapporteur, Mme Slove, conseiller de la chambre, et Mme Sommier, greffier de chambre, la chambre criminelle de la Cour de cassation, composée en application de l'article 567-1-1 du code de procédure pénale, des président et conseillers précités, après en avoir délibéré conformément à la loi, a rendu le présent arrêt.
1;M. [E] a reconnu que ce mandat s'appliquait bien à sa personne, mais n'a pas consenti à sa remise aux autorités italiennes.
1;Par arrêt du 30 juin 2021, la chambre de l'instruction de la cour d'appel de Paris a constaté que certains des mandats d'arrêt européens étaient devenus sans objet, refusé la remise au titre d'autres mandats, et a ordonné la remise de M. [E] à l'autorité judiciaire italienne au titre du seul mandat d'arrêt européen émis à son encontre le 20 novembre 2020 aux fins d'exécution de la peine de trois ans et trois mois d'emprisonnement prononcée le 11 novembre 2019 par le tribunal de Pescara.
1;qu'en statuant de la sorte quand le mandat d'arrêt européen, d'une part, se bornait à cocher la formule-type de la case 3.2, empreinte d'équivoque, selon laquelle « l'intéressé a donné mandat à un conseil juridique, qui a été désigné, soit par l'intéressé soit par l'Etat, pour le défendre (?) il n'a pas comparu en personne au procès, il a été assisté d'un défenseur commis d'office », d'autre part, s'abstenait, contrairement à l'invitation faite au paragraphe 4, la case 3.2 ayant été cochée, de « préciser comment la condition concernée a été remplie », la chambre de l'instruction, qui ne pouvait se fonder sur ces seules énonciations, a violé les articles 593 et 695-22-1 du code de procédure pénale, ensemble l'article 6 de la Convention européenne des droits de l'homme. »
1;"PAR CES MOTIFS, la Cour : CASSE et ANNULE, en toutes ses dispositions, l'arrêt susvisé de la chambre de l'instruction de la cour d'appel de Paris, en date du 30 juin 2021, et pour qu'il soit à nouveau jugé, conformément à la loi ;"
1;Sur le rapport de Mme Issenjou, conseiller, et les conclusions de Mme Chauvelot, avocat général référendaire, après débats en l'audience publique du 8 décembre 2021 où étaient présents M. de Larosière de Champfeu, conseiller le plus ancien faisant fonction de président en remplacement du président empêché, Mme Issenjou, conseiller rapporteur, Mme Slove, conseiller de la chambre, et Mme Coste-Floret, greffier de chambre, la chambre criminelle de la Cour de cassation, composée en application de l'article 567-1-1 du code de procédure pénale, des président et conseillers précités, après en avoir délibéré conformément à la loi, a rendu le présent arrêt.
1;Devant la chambre de l'instruction, son avocat a fait valoir que ne figurait au dossier aucune décision de remise de M. [B] à la France par les autorités hollandaises, cette pièce étant seule de nature à permettre le contrôle du respect de la règle de la spécialité par l'autorité judiciaire.
1;Il résulte du premier de ces textes, tel qu'interprété par la Cour de justice de l'Union européenne, qu'en présence d'une infraction autre que celle qui a motivé la remise, le consentement de la personne remise doit être demandé, conformément au paragraphe 4 dudit texte, et obtenu s'il y a lieu de faire exécuter une peine ou une mesure privatives de liberté.
1;L'exception visée à cet article 27, § 3, c) ne s'oppose toutefois pas à ce que la personne remise soit soumise à une mesure restrictive de liberté avant que le consentement soit obtenu, dès lors que cette mesure est légalement justifiée par d'autres chefs d'accusation figurant dans le mandat d'arrêt européen (CJUE, arrêt du 1er décembre 2008, Artur Leymann, C-388/08).
1;En vertu du deuxième, lorsque le ministère public qui a émis le mandat d'arrêt européen a obtenu la remise de la personne recherchée, celle-ci ne peut être poursuivie, condamnée ou détenue en vue de l'exécution d'une peine privative de liberté pour un fait quelconque antérieur à la remise et autre que celui qui a motivé cette mesure, sauf dans l'un des cas énumérés audit article.
1;Il s'ensuit qu'une personne remise à la France en exécution d'un mandat d'arrêt européen et qui n'a pas renoncé au principe de spécialité ne peut faire l'objet d'une mesure de détention provisoire pour une infraction autre que celle qui a motivé sa remise, avant que son consentement ait été obtenu, sauf si cette mesure privative de liberté est légalement justifiée par les autres chefs d'accusation figurant dans le mandat d'arrêt européen.
1;Les juges ajoutent que M. [B] a été mis en examen dans les mêmes termes que ceux du mandat d'arrêt sans autre extension permettant ainsi un contrôle effectif du respect de la règle de spécialité.
1;"PAR CES MOTIFS, la Cour : CASSE et ANNULE, en toutes ses dispositions, l'arrêt susvisé de la chambre de l'instruction de la cour d'appel de Rennes, en date du 20 août 2021, et pour qu'il soit à nouveau jugé, conformément à la loi ;"
1;La demanderesse au pourvoi n° H 18-10.842 invoque, à l'appui de son recours, les deux moyens de cassation également annexés au présent arrêt.
1;Sur le rapport de Mme de Cabarrus, conseiller référendaire, les observations de la SCP Alain Bénabent, avocat de la Société française du radiotéléphone, de la SCP Boré, Salve de Bruneton et Mégret, avocat de M. H... et de la société Electronique occitane, et l'avis de Mme Beaudonnet, avocat général, à la suite duquel le président a demandé aux avocats s'ils souhaitaient présenter des observations complémentaires, après débats en l'audience publique du 21 janvier 2020 où étaient présents Mme Mouillard, président, Mme de Cabarrus, conseiller référendaire rapporteur, M. Rémery, conseiller doyen, M. Guérin, Mmes Vallansan, Darbois, Poillot-Peruzzetto, M. Remeniéras, Mmes Graff-Daudret, Vaissette, Bélaval, Pomonti, Fontaine, Champalaune, Daubigney, Sudre, Mme Michel-Amsellem, Mme Fèvre, M. Riffaud, Mme Boisselet, M. Mollard, conseillers, Mme Le Bras, M. Guerlot, Mmes Barbot, Brahic-Lambrey, M. Blanc, Mmes Kass- Danno, Lion, conseillers référendaires, Mme Beaudonnet, avocat général, et Mme Labat, greffier de chambre.
1;Cet arrêt est entaché d'une erreur de procédure, non imputable aux parties, en ce que l'avis qui a été délivré aux parties en application de l'article 1015 du code de procédure civile ne faisait état que de la possibilité qu'un moyen soit relevé d'office, sans préciser qu'en ce cas, il était envisagé de casser l'arrêt sans renvoi et de statuer au fond sur la demande formée par la Société française du radiotéléphone.
1;Il y a lieu de rabattre cet arrêt et de statuer à nouveau. Jonction
1;"que la qualité de personne morale est essentielle lorsqu'une partie a eu intention de contracter avec une société en raison de sa réputation et de son expérience ;"
1;"qu'en l'espèce, après avoir observé qu'il ressortait des dispositions contractuelles liant la société SFR et la société Electronique occitane « que la société SFR [avait] entendu souscrire les contrats de distribution avec la société Electronique occitane, représentée par M. E... H..., son gérant », la cour d'appel a néanmoins cru pouvoir en déduire qu'aucune erreur sur la personne de son cocontractant n'avait vicié le consentement de la société SFR lorsqu'elle avait contracté avec Electronique occitane ;"
1;qu'en statuant ainsi, lorsqu'il s'inférait de ses propres constatations que la société SFR n'avait pas entendu contracter avec M. H..., pris en sa qualité de personne physique, mais uniquement avec la société Electronique occitane représentée par son gérant M. H..., la cour d'appel, qui n'a pas tiré les conséquences légales de ses propres constatations, a violé l'article 1110 du code civil dans sa rédaction applicable à la cause. »
1;Après avoir énoncé que les conditions de l'exécution ultérieure du contrat ne peuvent constituer un élément caractérisant l'erreur sur le consentement au moment de la conclusion du contrat et relevé que le contrat de distribution conclu entre la société SFR et la société Electronique occitane stipulait qu'il était « conclu intuitu personae en considération de la personne morale de la société [Electronique occitane] ainsi qu'en considération de son dirigeant » et qu'en conséquence, il « ne pourra[it] être cédé en tout ou partie, sans l'accord préalable, exprès et écrit de SFR », l'arrêt retient que la société SFR a entendu souscrire les contrats de distribution avec la société Electronique occitane, représentée par M. H..., son gérant.
1;Après avis donné aux parties, conformément à l'article 1015 du code de procédure civile, il est fait application de l'article 620, alinéa 2, du code de procédure civile.
1;Après avis donné aux parties, conformément à l'article 1015 du code de procédure civile, il est fait application des articles L. 411-3, alinéa 1, du code de l'organisation judiciaire et 627 du code de procédure civile.
1;En effet, la cassation prononcée n'implique pas qu'il soit à nouveau statué sur le fond par une cour d'appel.
1;"PAR CES MOTIFS, et sans qu'il y ait lieu de statuer sur les autres griefs, la Cour : RABAT l'arrêt n° 972 FP P+B+R rendu le 11 décembre 2019 ;"
1;"Et statuant à nouveau : CASSE ET ANNULE, mais seulement en ce qu'il condamne la société Electronique occitane à payer à la Société française du radiotéléphone la somme de 92 473,43 euros au titre du préjudice subi et statue sur les dépens et l'application de l'article 700 du code de procédure civile, l'arrêt rendu le 11 octobre 2017, entre les parties, par la cour d'appel de Paris ;"
1;"que ces prestations, pour lesquelles il a perçu des salaires, ont fait l'objet d'une rémunération, par la société SFR, également de la société Electronique Occitane ;"
1;"ALORS QU'en toute hypothèse, seules les sommes payées sans être dues ou devenues indues sont sujettes à restitution ;"
1;"qu'en condamnant l'exposante à restituer à la société SFR les sommes que celle-ci avait été condamnée à verser à M. H... en application de son statut de gérant de succursale, quand elle constatait pourtant elle-même que ces sommes avaient été mises à la charge de la société SFR par une décision de justice irrévocable ayant reconnu à M. H... le statut de gérant d'une succursale de la société SFR, de sorte que leur paiement, qui trouvait sa cause dans la loi dont cette décision avait fait application, ne pouvait incomber qu'à cette dernière, la cour d'appel, qui n'a pas tiré les conséquences légales de ses constatations, a violé les articles 1235 et 1376 du code civil, dans leur version antérieure à l'ordonnance n° 2016-131 du 10 février 2016 ;"
1;"ALORS QU'en toute hypothèse, l'action fondée sur l'enrichissement sans cause ne peut être dirigée que contre celui dont il est prétendu qu'il s'est enrichi ;"
1;"qu'en retenant, pour condamner l'exposante à restituer à la société SFR les sommes que celle-ci avait été condamnée à verser à M. H... en application de son statut de gérant de succursale que « SFR a[vait] payé Occitane et Monsieur H... deux fois pour les mêmes prestations sans que cela soit justifié par une obligation contractuelle différente de celle issue du contrat distributeur, alors que nul ne peut s'enrichir sans cause » (jugement, p. 9, al. 4), quand il n'était pas contesté que l'exposante n'avait pas bénéficié des sommes que la société SFR avait été condamnée à verser à M. H..., la cour d'appel a violé l'article 1371 du code civil, dans sa version antérieure à l'ordonnance n° 2016-131 du 10 février 2016 ;"
1;"ALORS QU'en toute hypothèse, seule est source de responsabilité la faute qui a causé un dommage ;"
1;"qu'en retenant par motifs adoptés, que « si Occitane avait exécuté l'ensemble des obligations qui lui revenaient, les hautes juridictions n'auraient pas reconnu à son gérant le statut de gérant de succursale et n'auraient pas condamné SFR » (jugement, p. 9, al. 5), quand une telle reconnaissance n'impliquait pas légalement l'inexécution de ses obligations contractuelles par la société Electronique Occitane, la cour d'appel a violé l'article L. 7321-2 du code du travail ;"
1;"ALORS QU'en toute hypothèse, seule est source de responsabilité la faute qui a causé un dommage ;"
1;"qu'en affirmant, pour condamner la société Electronique Occitane à indemniser la société SFR du montant des rappels de salaires, congés payés et charges patronales que celle-ci avait été personnellement condamnée à payer à son gérant, M. H..., en exécution de la décision de justice irrévocable lui ayant reconnu le statut de gérant de succursale, que « si Occitane avait exécuté l'ensemble des obligations qui lui revenaient, les hautes juridictions n'auraient pas reconnu à son gérant le statut de gérant de succursale et n'auraient pas condamné SFR », sans rechercher si la société SFR n'était pas seule à l'origine du montage ayant justifié l'application du statut de gérant de succursale, la cour d'appel a privé sa décision de base légale au regard de l'article 1147 du code civil dans sa version antérieure à l'ordonnance n° 2016-131 du 10 février 2016 ;"
1;qu'en retenant que « si Occitane avait exécuté l'ensemble des obligations qui lui revenaient, les hautes juridictions n'auraient pas reconnu à son gérant le statut de gérant de succursale et n'auraient pas condamné SFR », quand la seule faute qui lui était reprochée par la société SFR était d'avoir confié à M. H..., son gérant, l'exécution des prestations mises à sa charge par les contrats de distribution conclus par les parties, la cour d'appel, qui n'a pas caractérisé l'existence d'une faute imputable à l'exposante, a privé sa décision de base légale au regard de l'article 1147 du code civil, dans sa version antérieure à l'ordonnance n° 2016-131 du 10 février 2016.
1;"qu'elle en conclut que seule la société Electronique Occitane devait exécuter le contrat ;"
1;"que l'article 1110 ancien du code civil, applicable aux contrats dont il est question, dispose que l'erreur ""n'est point une cause de nullité lorsqu'elle ne tombe que sur la personne avec laquelle on a l'intention de contracter, à moins que la considération de cette personne ne soit la cause principale de la convention"" ;"
1;qu'en l'espèce, après avoir observé qu'il ressortait des dispositions contractuelles liant la société SFR et la société Electronique Occitane « que la société SFR [avait] entendu souscrire les contrats de distribution avec la société Electronique Occitane, représentée par Monsieur E... H..., son gérant » (
1;", la Cour d'appel a néanmoins cru pouvoir en déduire qu'aucune erreur sur la personne de son cocontractant n'avait vicié le consentement de la société SFR lorsqu'elle avait contracté avec Electronic Occitaine;"
1;qu'en statuant ainsi, lorsqu'il s'inférait de ses propres constatations que la société SFR n'avait pas entendu contracter avec Monsieur H..., pris en sa qualité de personne physique, mais uniquement avec la société Electronique Occitane représentée par son gérant Monsieur H..., la Cour d'appel, qui n'a pas tiré les conséquences légales de ses propres constatations, a violé l'article 1110 du code civil dans sa rédaction applicable à la cause.
1;au titre du préjudice subi et, statuant à nouveau de ce chef,
1;"d'avoir condamné la SARL Electronique Occitane à payer à la société SFR la seule somme de 92 473,43 euros au titre du préjudice subi et rejeté les demandes formées par SFR à l'encontre de M. H... ;"
1;"que la société Electronique Occitane conteste que des fautes aient été commises, et précise que la rémunération perçue de sa part par M. E... H... ne correspond qu'à l'exercice de son mandat social ;"
1;"qu'elle relève que seule la somme de 68 884 euros a été versée par la société SFR, en vertu de l'arrêt de la cour d'appel de Paris, à titre de salaire ;"
1;"que ces prestations, pour lesquelles il a perçu des salaires ont fait l'objet d'une rémunération, par la société SFR, également de la société Electronique Occitane ;"
1;"que, statuant à nouveau, il y a lieu de condamner la SARL Electronique Occitane à payer à la société SFR la somme de 92 473,43 euros à titre du préjudice subi ;"
1;"qu'en l'espèce, après avoir constaté que la société Electronique Occitane avait perçu de la société SFR des rémunérations pour des prestations en réalité exécutées par M. H..., lequel avait de ce fait obtenu du Conseil des Prud'hommes le statut de gérant de succursale et la condamnation de la société SFR à lui verser des rappels de salaire et de congés payés, des indemnités au titre du préavis non donné et des indemnités de licenciement, la Cour d'appel a néanmoins débouté la société SFR de sa demande de dommages et intérêts formée au titre des sommes versées à M. H... pour le préavis non donné, les congés afférents et les indemnités de licenciement, en se bornant à affirmer que : « ces sommes ne sont pas liées à l'exécution par M. E... H... de prestations payées par la société SFR en vertu du contrat, mais sont la conséquence d'un licenciement reconnu entre la société SFR et M. E... H..., qui ne concerne pas la société Electronique Occitane » (v. arrêt attaqué, p. 12, § 5) ;"
1;Sur le rapport de Mme Kass-Danno, conseiller référendaire, les observations de la SCP Célice, Texidor, Périer, avocat de la société Suez Eau France, de la SCP Claire Leduc et Solange Vigand, avocat de la société MP associés, ès qualités, après débats en l'audience publique du 24 novembre 2020 où étaient présents M. Rémery, conseiller doyen faisant fonction de président, Mme Kass-Danno, conseiller référendaire rapporteur, Mme Vaissette, conseiller, et Mme Fornarelli, greffier de chambre, la chambre commerciale, financière et économique de la Cour de cassation, composée des président et conseillers précités, après en avoir délibéré conformément à la loi, a rendu le présent arrêt.
1;"La société Suez fait grief à l'arrêt, après sa rectification, de fixer à 262 818,37 euros HT, soit 314 330,77 euros TTC, la créance détenue par la liquidation judiciaire de la société SD3A TP, au titre de la revalorisation du prix de ses prestations, et de la condamner à payer à la SELARL MP associés, en qualité de liquidateur de la société SD3A TP, la somme de 14 330,77 euros TTC, alors « que la cour d'appel est tenue de statuer sur les dernières écritures déposées par les parties, qui seules la saisissent ;"
1;"PAR CES MOTIFS, et sans qu'il y ait lieu de statuer sur les autres griefs, la Cour : CASSE ET ANNULE, en toutes ses dispositions, l'arrêt rendu le 6 novembre 2018, entre les parties, par la cour d'appel de Dijon ;"
1;"PREMIER MOYEN DE CASSATION Il est fait grief à l'arrêt infirmatif attaqué, tel que rectifié par un arrêt du 5 mars 2019, d'AVOIR fixé à 262.818,37 € HT, soit 314.330,77 € TTC, la créance détenue par la liquidation judiciaire de la société SD3A TP sur la société Suez Eau France, venant aux droits de la société Lyonnaise des Eaux France, au titre de la revalorisation du prix de ses prestations, et, après avoir rappelé que la société Lyonnaise des Eaux France avait réglé à la SELARL MP Associés, ès qualités de liquidateur judiciaire de la société SD3A TP, la somme de 300.000 € à titre de provision à valoir sur cette créance en exécution de l'ordonnance de référé du 12 décembre 2012, d'AVOIR condamné la société Suez Eau France, venant aux droits de la société Lyonnaise des Eaux France, à payer à la SELARL MP Associés, ès qualités de liquidateur judiciaire de la société SD3A TP, la somme de 14.330,77 € TTC ;"
1;L'article 1134 du code civil, dans sa rédaction applicable au litige, dispose que les conventions légalement formées tiennent lieu de loi à ceux qui les ont faites, qu'elles ne peuvent être révoquées que de leur consentement mutuel ou pour les causes que la loi autorise, et qu'elles doivent être exécutées de bonne foi.
1;S'il est constant que la société SD3A TP a, plusieurs années durant, facturé ses prestations sans faire application de la revalorisation, cette seule circonstance ne suffit pas à caractériser de manière dépourvue d'équivoque sa renonciation au bénéfice de la clause contractuelle de révision.
1;L'expert, après avoir analysé les pièces versées par les parties, a opéré une distinction selon que les sommes facturées étaient ou non dûment corroborées par les Bons de Travail Exécuté (BTE) correspondants, ces documents ayant pour objet de décrire le détail des opérations techniques exécutées sur chaque chantier, avec leur valeur unitaire, telle qu'elle ressort des contrats.
1;Etant observé que le calcul de la revalorisation n'est en lui-même pas critiqué par les parties, il y a lieu de ne mettre à la charge de l'intimée que les montants pour lesquels le risque d'erreur de facturation est qualifié de faible par l'expert, soit une somme totale de 11 173,74
1;"ALORS QUE la Cour d'appel est tenue de statuer sur les dernières écritures déposées par les parties, qui seules la saisissent ;"
1;"SECOND MOYEN DE CASSATION Il est fait grief à l'arrêt infirmatif attaqué, tel que rectifié par un arrêt du 5 mars 2019, d'AVOIR fixé à 262.818,37 € HT, soit 314.330,77 € TTC, la créance détenue par la liquidation judiciaire de la société SD3A TP sur la société Suez Eau France, venant aux droits de la société Lyonnaise des Eaux France, au titre de la revalorisation du prix de ses prestations, et, après avoir rappelé que la société Lyonnaise des Eaux France avait réglé à la SELARL MP Associés, ès qualités de liquidateur judiciaire de la société SD3A TP, la somme de 300.000 € à titre de provision à valoir sur cette créance en exécution de l'ordonnance de référé du 12 décembre 2012, d'AVOIR condamné la société Suez Eau France, venant aux droits de la société Lyonnaise des Eaux France, à payer à la SELARL MP Associés, ès qualités de liquidateur judiciaire de la société SD3A TP, la somme de 14.330,77 € TTC ;"
1;« L'article 1134 du code civil, dans sa rédaction applicable au litige, dispose que les conventions légalement formées tiennent lieu de loi à ceux qui les ont faites, qu'elles ne peuvent être révoquées que de leur consentement mutuel ou pour les causes que la loi autorise, et qu'elles doivent être exécutées de bonne foi.
1;S'il est constant que la société SD3A TP a, plusieurs années durant, facturé ses prestations sans faire application de la revalorisation, cette seule circonstance ne suffit pas à caractériser de manière dépourvue d'équivoque sa renonciation au bénéfice de la clause contractuelle de révision.
